metric,level,unit,formula,definition,meaning,caveats,requires
mrs_merged_in_window,project,count,"count(MR where state='merged' and merged_at in [since, until])",Number of merge requests merged during the reporting window.,Overall delivery throughput via merge requests.,Depends on accurate merged_at; ignores direct pushes to default branch.,MR API
merges_to_default_branch,project,count,count(merged MR where target_branch == default_branch and merged_at in window),Number of merged MRs targeting the project's default branch in the window.,How much change is integrated via the main branch.,"If default_branch differs across repos, compare with care.",MR API + project default_branch
merges_to_main_or_master,project,count,"count(merged MR where target_branch in {'main','master'} and merged_at in window)",Number of merged MRs targeting 'main' or 'master' in the window.,Fallback integration metric for common branch names.,Not meaningful for repos using other branch names.,MR API
lead_time_hours,MR,hours,(merged_at - created_at) in hours,Elapsed time from MR creation to merge.,End-to-end MR cycle time (speed of delivery).,Includes waiting time; can be skewed by weekends/holidays; use median for robustness.,"MR created_at, merged_at"
lead_time_hours_mean,project,hours,mean(lead_time_hours over merged MRs),Average MR lead time in the window.,Typical cycle time (mean).,Sensitive to outliers; median often better.,lead_time_hours
lead_time_hours_median,project,hours,median(lead_time_hours over merged MRs),Median MR lead time in the window.,Typical cycle time (robust).,Still depends on working patterns; consider business-hours adjustment if needed.,lead_time_hours
time_to_first_review_comment_hours,MR,hours,(first_non_author_non_system_note_time - created_at) in hours,"Time from MR creation to first non-author, non-system comment.",Responsiveness of code review (time to first engagement).,"If reviews happen via approvals only (no comments), this may be null; bots may affect if not filtered.",MR notes/notes API
time_to_first_review_comment_hours_mean,project,hours,mean(time_to_first_review_comment_hours over merged MRs with a value),Average time to first review comment in the window.,Typical review responsiveness (mean).,Sensitive to outliers and missing values.,time_to_first_review_comment_hours
time_to_first_review_comment_hours_median,project,hours,median(time_to_first_review_comment_hours over merged MRs with a value),Median time to first review comment in the window.,Typical review responsiveness (robust).,Excludes MRs with no qualifying comments.,time_to_first_review_comment_hours
time_from_last_update_to_merge_hours,MR,hours,(merged_at - updated_at) in hours,Time from MR last update to merge.,Proxy for how long it takes to land after final activity.,"updated_at changes for labels, comments, rebases; interpret cautiously.","MR updated_at, merged_at"
review_comment_count,MR,count,count(notes where system=false and note.author != MR.author),Number of non-system comments written by reviewers (non-author).,Proxy for review discussion volume.,Some teams review via approvals or offline; counts can be low even with good review.,MR notes
unique_reviewer_count,MR,count,count(distinct note.author where system=false and note.author != MR.author),Number of distinct reviewers who commented on the MR.,Breadth of participation and shared ownership.,Does not include silent reviewers; bots should be excluded if present.,MR notes
review_comment_count_mean,project,comments/MR,mean(review_comment_count over merged MRs),Average reviewer comment count per merged MR.,Typical review discussion intensity.,Can be skewed by a few large MRs.,review_comment_count
unique_reviewer_count_mean,project,reviewers/MR,mean(unique_reviewer_count over merged MRs),Average number of distinct commenting reviewers per MR.,Typical reviewer participation level.,Silence/approvals-only reviews reduce this.,unique_reviewer_count
changed_lines,MR,lines,additions + deletions (when available),Total lines changed in the MR (adds + deletes).,MR size; larger changes generally increase risk and review time.,Not always available depending on GitLab version/permissions.,"MR additions, deletions"
comments_per_100_changed_lines,MR,comments per 100 lines,review_comment_count / (changed_lines / 100) when changed_lines>0,Review comment density normalized by MR size.,More comparable review engagement across small vs large MRs.,"If changed_lines missing or zero, metric is null.",review_comment_count + changed_lines
comments_per_100_lines_mean,project,comments per 100 lines,mean(comments_per_100_changed_lines over merged MRs with changed_lines>0),Average size-normalized review comment density.,Typical review engagement adjusted for change size.,Sensitive to missing changed_lines.,comments_per_100_changed_lines
approvals_required,MR,count,approvals_required from approvals endpoint,Number of approvals required by MR approval rules at query time.,Strength of review gate.,Depends on edition/config; can vary with rules and approvals reset behavior.,Approvals API
approvals_left,MR,count,approvals_left from approvals endpoint,Number of additional approvals needed at query time.,Compliance status vs required approvals.,Often 0 for merged MRs; may be null if endpoint unavailable.,Approvals API
approvals_given,MR,count,len(approved_by) from approvals endpoint,Number of recorded approvers at query time.,Observed approval activity.,Approvals can be bypassed; treat as 'what GitLab recorded'.,Approvals API
additions,MR,lines,additions from MR object (when available),Lines added by the MR.,Change volume.,May be missing in some environments.,MR API
deletions,MR,lines,deletions from MR object (when available),Lines deleted by the MR.,Change volume.,May be missing in some environments.,MR API
changes_count,MR,count,changes_count from MR object (interpretation may vary),"GitLab-reported change count (often number of changed files, depending on version).",Breadth of change across files.,Field semantics can vary by GitLab version; verify in your instance.,MR API
commits_count,MR,count,commits_count from MR object (when available),Number of commits included in the MR.,Proxy for how changes are structured (many commits vs squashed).,May be null if not exposed.,MR API
pipelines_on_default_branch,project,count,count(pipelines where ref==default_branch and created_at in window),Number of pipelines created on the default branch in the window.,CI usage intensity on main integration branch.,Does not include pipelines on feature branches unless you add them.,Pipelines API
pipeline_success_rate,project,fraction (0-1),success_pipelines / total_pipelines,Fraction of default-branch pipelines that succeeded.,CI stability on default branch.,Canceled pipelines counted as non-success in this implementation (failed bucket).,Pipelines API (status)
pipeline_duration_seconds_mean,project,seconds,mean(pipeline.duration over pipelines in window with a duration),Average pipeline duration on default branch.,Feedback loop speed.,Duration can be null for running pipelines or missing data.,Pipeline details (duration)
pipeline_duration_seconds_median,project,seconds,median(pipeline.duration over pipelines in window with a duration),Median pipeline duration on default branch.,Typical feedback loop speed (robust).,Excludes pipelines without a duration.,Pipeline details (duration)
coverage_mean,project,percent,mean(pipeline.coverage over pipelines in window with coverage),Average code coverage as reported by GitLab pipelines (if configured).,Proxy for testing intensity.,Only valid if coverage extraction is configured consistently across repos.,Pipeline details (coverage)
coverage_median,project,percent,median(pipeline.coverage over pipelines in window with coverage),Median code coverage as reported by GitLab pipelines (if configured).,Typical testing intensity (robust).,Only valid if coverage extraction is configured; otherwise null.,Pipeline details (coverage)
has_ci,project,boolean,exists('.gitlab-ci.yml' on default branch),Whether the project has a GitLab CI configuration file.,CI configured in-repo.,Some orgs centralize CI; this would show false.,Repository files API
has_readme,project,boolean,exists('README.md' or 'README.rst' or 'README.txt' on default branch),Whether the project has a README at repo root.,Basic documentation present.,"Docs may exist elsewhere (e.g., wiki) and not be captured.",Repository files API
has_src,project,boolean,exists('src/' directory at repo root),Whether a 'src' directory exists at the repo root.,Packaging-friendly Python layout (common best practice).,Some repos use flat layout; false doesn't always imply low quality.,Repository tree API
has_tests,project,boolean,exists('tests/' or 'test/' directory at repo root),Whether a tests directory exists at the repo root.,Test scaffold likely present.,"Tests may exist elsewhere (e.g., under package dir).",Repository tree API
has_docs,project,boolean,exists('docs/' directory at repo root),Whether a docs directory exists at the repo root.,Dedicated documentation structure.,Docs may be in README only or external sites.,Repository tree API
has_pyproject,project,boolean,exists('pyproject.toml' on default branch),Whether pyproject.toml is present.,Modern Python packaging/tool configuration likely used.,Some repos still use setup.cfg/setup.py; may be fine.,Repository files API
has_requirements,project,boolean,exists('requirements.txt' or 'requirements-dev.txt' on default branch),Whether requirements files are present.,Dependencies declared in requirements files.,Poetry/uv/pip-tools may not use requirements.txt.,Repository files API
has_precommit,project,boolean,exists('.pre-commit-config.yaml' on default branch),Whether pre-commit configuration exists.,Local quality gates likely standardised.,May be managed centrally or via CI only.,Repository files API
has_linter,project,boolean,exists('ruff.toml' or '.ruff.toml' or '.flake8' on default branch),Whether a linter configuration exists.,Linting likely adopted.,Config could be in pyproject.toml; this check misses that unless extended.,Repository files API
has_typecheck,project,boolean,exists('mypy.ini' or 'pyrightconfig.json' on default branch),Whether type checking configuration exists.,Static typing checks likely adopted.,Config could be in pyproject.toml; this check misses that unless extended.,Repository files API
has_makefile,project,boolean,exists('Makefile' on default branch),Whether a Makefile exists.,Standard developer commands likely provided.,Some repos use task runners (tox/nox/poe) instead.,Repository files API
has_dockerfile,project,boolean,exists('Dockerfile' on default branch),Whether a Dockerfile exists.,Containerisation support for reproducibility/deployments.,"Deployment may not require Dockerfile (e.g., serverless).",Repository files API
repo_hygiene_score,project,points (0-11),"sum([has_ci, has_readme, has_src, has_tests, has_docs, (has_pyproject OR has_requirements), has_precommit, has_linter, has_typecheck, has_makefile, has_dockerfile])",Aggregate score from selected repo hygiene checks.,Quick maturity score for repo foundations.,Heuristic; should be calibrated to your team standards.,Repo hygiene booleans
notebooks_count,project,count,count(files ending with .ipynb in repo tree) when recursive scan enabled,Number of Jupyter notebooks found by recursive repository tree scan (capped).,Notebook footprint (prototype vs production balance indicator).,Requires recursive scan; count may be capped by max_tree.,Repository tree API (recursive)
python_files_count,project,count,count(files ending with .py in repo tree) when recursive scan enabled,Number of Python files found by recursive repository tree scan (capped).,Rough codebase size proxy.,Requires recursive scan; count may be capped by max_tree.,Repository tree API (recursive)
